{"cameraMode":{"drawMode":0,"name":"Shaded","section":"Shading Mode"},"sceneLighting":true,"audioPlay":false,"sceneViewState":{"m_AlwaysRefresh":false,"showFog":true,"showSkybox":true,"showFlares":true,"showImageEffects":true,"showParticleSystems":true,"showVisualEffectGraphs":true,"m_FxEnabled":true},"in2DMode":false,"pivot":{"x":16.89572525024414,"y":-13.041988372802735,"z":-21.959020614624025},"rotation":{"x":-0.06820476055145264,"y":-0.9249977469444275,"z":0.19947011768817902,"w":-0.3161982595920563},"size":16.728816986083986,"orthographic":false}